Ad Topic Line,Avg Engagement Ratio,Total Clicks
Monitored national standardization,41.4,0
Future-proofed methodical protocol,41.58,0
Monitored systematic hierarchy,40.2,1
Organic leadingedge secured line,21.8,1
De-engineered mobile infrastructure,28.07,1
User-friendly upward-trending intranet,37.65,1
Horizontal hybrid challenge,37.31,1
Centralized systematic knowledgebase,31.57,0
Future-proofed grid-enabled implementation,28.84,0
Re-contextualized optimal service-desk,23.01,1
Customer-focused multi-tasking Internet solution,17.79,1
Re-engineered demand-driven capacity,56.87,1
Secured clear-thinking middleware,40.89,0
Right-sized value-added initiative,45.64,0
Multi-channeled reciprocal artificial intelligence,31.53,0
Stand-alone tangible moderator,50.21,1
Focused high-level conglomeration,26.44,0
Sharable grid-enabled matrix,40.42,1
Balanced asynchronous hierarchy,56.36,1
User-friendly client-server instruction set,48.16,1
Virtual bandwidth-monitored initiative,25.57,1
Phased zero administration success,52.11,0
Cross-platform multimedia algorithm,38.6,1
Customizable modular Internet solution,36.93,1
Universal global intranet,35.3,0
Horizontal transitional challenge,31.07,0
Adaptive contextually-based methodology,59.1,1
Realigned next generation projection,38.16,0
Robust responsive collaboration,35.94,0
Reactive composite project,29.9,0
Managed impactful definition,38.44,0
Sharable optimal capacity,52.7,1
Re-engineered context-sensitive knowledge user,32.95,1
Balanced contextually-based pricing structure,35.18,1
Inverse bi-directional knowledge user,35.51,0
Networked stable open architecture,36.4,0
Customizable systematic service-desk,49.98,1
Function-based directional productivity,35.75,0
Synchronized zero tolerance product,34.24,0
Quality-focused hybrid frame,32.53,0
Business-focused high-level hardware,35.82,0
Progressive uniform budgetary management,42.79,1
Realigned global initiative,31.52,0
Fully-configurable context-sensitive Graphic Interface,23.14,1
Up-sized real-time methodology,55.12,1
Total grid-enabled application,35.13,0
Optional regional throughput,45.92,0
Fundamental methodical support,61.98,1
Vision-oriented uniform knowledgebase,37.46,0
Business-focused holistic benchmark,33.76,0
Distributed scalable orchestration,28.89,0
Reactive national success,29.46,0
Total human-resource flexibility,33.97,1
Customizable methodical Graphical User Interface,40.83,0
Team-oriented transitional methodology,52.57,1
Automated mobile model,40.66,0
Profit-focused systemic support,31.17,0
Profound dynamic attitude,47.77,0
Proactive local focus group,28.95,0
User-centric intermediate knowledge user,39.41,1
Proactive secondary monitoring,31.1,1
Cloned dedicated analyzer,55.18,0
Front-line bandwidth-monitored capacity,37.1,0
Exclusive discrete firmware,39.98,1
Multi-tiered interactive neural-net,17.58,1
Enhanced methodical database,26.3,1
Compatible composite project,27.66,0
Customer-focused solution-oriented software,22.54,1
Operative full-range forecast,35.6,1
Persistent fault-tolerant service-desk,36.85,0
Innovative interactive portal,33.1,1
Enhanced systemic benchmark,37.1,0
Intuitive transitional artificial intelligence,27.8,1
Multi-channeled scalable moratorium,43.49,0
Function-based executive moderator,32.15,0
Monitored homogeneous artificial intelligence,37.62,1
Reduced background data-warehouse,61.43,1
Up-sized bifurcated capability,43.7,0
Open-source local approach,53.85,1
Automated full-range Internet solution,33.19,0
Enhanced intangible portal,26.44,1
Down-sized background groupware,34.2,1
Switchable real-time product,31.08,1
Ameliorated local workforce,39.78,0
Business-focused user-facing benchmark,28.61,1
Virtual bifurcated portal,47.23,1
Up-sized asymmetric firmware,38.62,1
Vision-oriented human-resource synergy,25.93,0
Proactive bandwidth-monitored policy,29.56,0
Sharable client-driven software,26.46,0
Enhanced dedicated support,42.67,0
Configurable coherent function,33.65,0
Mandatory homogeneous architecture,38.02,0
Distributed tertiary system engine,38.45,0
Down-sized modular intranet,50.52,1
Ergonomic full-range time-frame,39.79,1
Future-proofed holistic superstructure,26.82,1
Pre-emptive executive knowledgebase,40.99,0
Horizontal client-driven hierarchy,36.49,0
Polarized modular function,65.57,1
Advanced exuding conglomeration,35.96,0
Synchronized leadingedge help-desk,55.11,1
Cloned analyzing artificial intelligence,30.37,1
Reduced bi-directional strategy,40.31,0
Face-to-face intermediate approach,44.88,0
Ameliorated upward-trending definition,35.76,0
Up-sized 6thgeneration moratorium,44.51,0
Expanded clear-thinking core,41.58,0
Reduced mobile structure,32.24,0
Function-based fault-tolerant model,30.09,0
Multi-layered fresh-thinking process improvement,42.69,0
Synergized coherent interface,39.23,0
Adaptive asynchronous attitude,54.01,1
Face-to-face analyzing encryption,29.53,0
Future-proofed responsive matrix,33.6,0
Programmable empowering middleware,37.02,0
Self-enabling asynchronous knowledge user,34.79,0
Focused 3rdgeneration pricing structure,21.74,1
Proactive radical support,26.42,1
Balanced 4thgeneration success,40.63,0
Focused systemic benchmark,38.54,1
Advanced heuristic firmware,45.48,0
Object-based system-worthy superstructure,18.56,1
Integrated maximized service-desk,20.2,1
Realigned reciprocal framework,38.96,1
Reverse-engineered content-based intranet,30.92,0
Managed disintermediate capability,36.56,0
Grass-roots multimedia policy,37.4,0
Horizontal modular success,34.68,1
Optional multi-state hardware,39.28,0
Managed attitude-oriented Internet solution,37.86,0
Distributed cohesive migration,39.26,0
Programmable uniform website,36.56,1
Managed 5thgeneration time-frame,23.71,0
Proactive encompassing paradigm,36.34,1
Cross-platform neutral system engine,24.78,1
Networked regional Local Area Network,31.06,0
Innovative maximized groupware,51.69,1
Implemented disintermediate attitude,44.72,0
Configurable interactive contingency,27.29,1
Universal multi-state system engine,53.55,1
Operative didactic Local Area Network,40.91,1
Triple-buffered high-level Internet solution,40.7,1
Optional contextually-based flexibility,46.62,0
Customer-focused impactful success,41.21,0
Open-source optimizing parallelism,34.24,0
Customizable value-added project,33.74,0
Front-line incremental access,36.81,0
Mandatory disintermediate info-mediaries,24.33,1
Implemented context-sensitive Local Area Network,31.53,1
Front-line upward-trending groupware,34.8,1
Multi-layered secondary software,31.97,1
Configurable mission-critical algorithm,32.35,0
Face-to-face responsive alliance,34.39,0
Stand-alone empowering benchmark,22.65,1
Digitized zero-defect implementation,31.63,0
Phased hybrid intranet,30.77,0
Quality-focused maximized extranet,32.26,1
De-engineered intangible flexibility,37.2,0
Down-sized bandwidth-monitored core,36.16,0
Monitored explicit hierarchy,28.6,0
Stand-alone radical throughput,58.02,1
Front-line zero-defect array,42.47,1
Persevering 5thgeneration knowledge user,27.54,1
Networked logistical info-mediaries,28.98,1
Integrated encompassing support,61.6,1
Devolved human-resource circuit,36.61,1
Fundamental tangible moratorium,30.41,0
Fully-configurable high-level groupware,47.53,1
Upgradable logistical flexibility,49.85,1
Object-based motivating instruction set,23.22,1
Pre-emptive next generation strategy,30.38,0
Open-source holistic productivity,33.41,0
Front-line system-worthy flexibility,43.88,0
Centralized clear-thinking Graphic Interface,39.03,0
Right-sized logistical middleware,45.03,0
Team-oriented executive core,38.86,1
Synergized grid-enabled framework,41.34,0
Front-line fresh-thinking installation,23.86,1
Multi-lateral attitude-oriented adapter,24.52,1
Reactive upward-trending migration,58.54,1
User-centric discrete success,37.96,0
Fully-configurable systemic productivity,24.59,0
Multi-lateral multi-state encryption,27.83,0
Versatile mission-critical application,27.7,1
Extended leadingedge solution,55.95,1
Expanded intangible solution,42.89,1
Organic bottom-line service-desk,29.37,0
Centralized neutral neural-net,39.04,1
Mandatory disintermediate utilization,25.17,1
Triple-buffered demand-driven alliance,42.98,0
Organized static focus group,37.2,0
Team-oriented encompassing portal,52.23,1
Cross-group regional website,43.28,1
Customer-focused empowering ability,46.67,0
Stand-alone national attitude,42.53,0
Seamless object-oriented structure,29.69,0
Seamless real-time array,41.49,1
Streamlined next generation implementation,49.7,1
Total 5thgeneration encoding,38.65,0
Polarized 6thgeneration info-mediaries,32.89,0
Switchable mobile framework,31.51,0
Versatile transitional monitoring,28.99,1
Profound zero administration instruction set,35.14,0
Progressive clear-thinking open architecture,51.85,0
Fully-configurable neutral open system,44.7,1
Ergonomic client-driven application,32.8,0
Diverse stable circuit,46.68,0
Universal 24/7 implementation,29.4,1
Vision-oriented contextually-based extranet,46.14,1
Extended local methodology,39.17,0
Virtual scalable secured line,34.31,1
Future-proofed coherent hardware,43.18,1
Front-line tangible alliance,43.44,1
Progressive 24hour forecast,48.89,1
Configurable multi-state utilization,35.5,0
Diverse executive groupware,43.37,1
Up-sized tertiary contingency,41.54,0
Streamlined analyzing initiative,31.21,0
Profit-focused attitude-oriented task-force,25.22,1
Synergistic value-added extranet,27.99,1
Business-focused real-time toolset,26.48,1
Devolved responsive structure,30.45,1
Function-based stable alliance,29.44,1
Reactive responsive emulation,40.29,0
Right-sized multi-tasking solution,59.28,1
Vision-oriented optimizing middleware,20.25,1
Pre-emptive zero tolerance Local Area Network,35.0,0
Integrated coherent pricing structure,62.62,1
Reactive needs-based instruction set,40.86,0
User-friendly well-modulated leverage,46.39,1
Phased analyzing emulation,20.08,1
Inverse local hub,34.87,0
Public-key non-volatile implementation,58.97,1
Horizontal high-level concept,22.31,1
Reduced multimedia project,44.66,1
Balanced value-added database,55.9,1
Operative scalable emulation,46.18,0
Enhanced asymmetric installation,31.62,0
Versatile responsive knowledge user,23.0,1
De-engineered actuating hierarchy,23.12,1
Cross-platform client-server hierarchy,33.47,0
Advanced systemic productivity,58.78,1
Configurable tertiary capability,22.73,0
Public-key real-time definition,26.19,1
Monitored content-based implementation,31.26,0
Business-focused maximized complexity,28.93,0
Pre-emptive transitional protocol,34.64,0
User-centric composite contingency,35.77,0
Ergonomic neutral portal,40.21,0
Virtual 5thgeneration neural-net,33.83,0
Automated object-oriented firmware,25.94,1
Universal incremental array,32.12,0
Integrated grid-enabled budgetary management,34.98,0
Ergonomic empowering frame,36.75,1
Reverse-engineered dynamic function,38.05,0
Distributed intangible database,34.09,0
Stand-alone eco-centric system engine,20.23,1
Programmable didactic capacity,47.11,1
Reactive impactful challenge,49.18,1
Digitized interactive initiative,57.41,0
Quality-focused 5thgeneration orchestration,39.85,0
Monitored executive architecture,30.06,0
Optional full-range projection,37.01,1
Quality-focused bi-directional throughput,32.99,0
Versatile solution-oriented secured line,39.97,1
Phased leadingedge budgetary management,28.85,1
Quality-focused zero tolerance matrices,33.54,0
Decentralized 24hour approach,42.66,0
Self-enabling zero administration neural-net,58.1,1
Proactive interactive service-desk,33.14,0
Team-oriented bi-directional secured line,18.66,1
Assimilated stable encryption,31.64,0
Configurable dynamic secured line,35.67,0
Cloned optimal leverage,41.53,0
Mandatory coherent groupware,34.86,0
Expanded modular application,30.33,1
Triple-buffered systematic info-mediaries,43.76,0
Intuitive modular system engine,39.85,0
Optimized coherent Internet solution,33.3,0
Ameliorated intermediate Graphical User Interface,46.38,0
Robust holistic application,30.17,1
Vision-oriented bifurcated contingency,38.49,1
Balanced executive definition,35.44,0
Grass-roots transitional flexibility,29.36,1
Integrated impactful groupware,32.14,1
Centralized asynchronous portal,53.76,1
Public-key impactful neural-net,39.81,0
Centralized user-facing service-desk,31.42,0
Programmable empowering orchestration,26.72,1
Stand-alone logistical service-desk,37.11,0
Diverse directional hardware,34.43,0
Progressive 24/7 definition,32.77,0
Reverse-engineered context-sensitive emulation,19.46,1
Assimilated multi-state paradigm,63.05,1
Polarized intangible encoding,54.48,1
Focused multimedia implementation,33.01,1
Streamlined homogeneous analyzer,25.45,1
Mandatory empowering focus group,45.67,1
Synergized clear-thinking protocol,35.99,1
Streamlined exuding adapter,33.21,1
Synchronized human-resource moderator,32.85,0
Phased zero tolerance extranet,28.2,0
Centralized content-based focus group,61.5,1
Persistent demand-driven interface,45.12,1
Intuitive dynamic attitude,43.74,0
Advanced 24/7 productivity,55.04,1
Object-based reciprocal knowledgebase,34.41,0
Streamlined non-volatile analyzer,37.34,0
Public-key foreground groupware,38.45,0
Ameliorated client-driven forecast,36.18,1
Synchronized dedicated service-desk,43.08,1
Synchronized systemic hierarchy,41.85,0
Intuitive exuding service-desk,24.02,1
Front-line intermediate database,25.46,0
Reduced global support,39.28,0
Upgradable asynchronous circuit,32.45,0
De-engineered object-oriented protocol,36.14,1
Phased dynamic customer loyalty,52.9,1
Centralized logistical secured line,27.03,0
Innovative background conglomeration,46.29,0
Focused 24hour implementation,29.97,0
Customer-focused upward-trending contingency,35.16,1
Self-enabling holistic process improvement,21.38,0
Enterprise-wide client-driven contingency,32.7,1
Function-based context-sensitive secured line,23.39,1
Automated coherent flexibility,43.34,0
Networked high-level structure,41.23,0
Front-line fault-tolerant intranet,30.08,1
Total 5thgeneration standardization,27.33,1
Compatible intangible customer loyalty,58.74,1
Multi-tiered maximized archive,34.29,1
Versatile dedicated software,18.73,1
Synchronized stable complexity,41.44,0
Total directional approach,36.92,0
De-engineered fault-tolerant database,54.89,1
Configurable bottom-line application,34.36,1
Visionary asymmetric encryption,23.45,1
Intuitive explicit conglomeration,38.95,0
Exclusive zero tolerance alliance,34.62,1
Inverse next generation moratorium,43.63,0
Expanded radical software,28.42,0
Customer-focused incremental system engine,25.76,1
Visionary multi-tasking alliance,35.79,0
Universal bi-directional extranet,34.56,0
Fundamental zero tolerance solution,51.01,0
Self-enabling incremental collaboration,18.82,1
Centralized multi-state hierarchy,36.54,0
Versatile reciprocal structure,25.8,1
Centralized 24hour synergy,37.09,0
Function-based optimizing extranet,39.96,0
Cloned incremental matrices,35.92,0
Enterprise-wide incremental Internet solution,31.86,1
Customizable mission-critical adapter,33.59,0
Organized demand-driven knowledgebase,37.97,0
Configurable disintermediate throughput,24.68,1
Quality-focused zero-defect budgetary management,37.81,0
Decentralized foreground infrastructure,44.34,0
Upgradable heuristic system engine,55.76,1
Multi-layered stable encoding,36.25,0
Polarized 5thgeneration matrix,46.85,1
Future-proofed coherent budgetary management,30.04,0
Adaptive demand-driven knowledgebase,58.69,1
Down-sized explicit budgetary management,43.12,0
User-friendly content-based customer loyalty,34.85,0
Assimilated homogeneous service-desk,32.47,0
User-friendly impactful time-frame,30.37,0
Open-source even-keeled database,44.08,1
Horizontal incremental website,46.74,1
Future-proofed fresh-thinking conglomeration,18.18,1
Ergonomic 24/7 solution,26.79,0
Synergized well-modulated Graphical User Interface,37.0,0
Monitored context-sensitive initiative,41.57,0
Seamless bandwidth-monitored knowledge user,33.44,1
Object-based optimal solution,37.33,0
Total asynchronous architecture,29.69,1
Synchronized multi-tasking ability,35.87,1
Open-architected zero administration secured line,36.66,0
Face-to-face dedicated flexibility,52.75,1
Distributed leadingedge orchestration,34.63,0
Multi-tiered heuristic strategy,29.98,0
Multi-channeled attitude-oriented toolset,24.73,0
Multi-channeled non-volatile website,42.86,1
Customizable zero-defect Internet solution,34.71,0
Multi-lateral motivating circuit,32.31,0
Pre-emptive well-modulated moderator,36.93,0
Assimilated hybrid initiative,34.07,0
Configurable impactful productivity,47.77,1
Front-line even-keeled website,36.39,0
Integrated leadingedge frame,35.98,0
Up-sized maximized model,38.51,0
Focused coherent success,30.21,0
Robust context-sensitive neural-net,43.46,0
Networked asymmetric infrastructure,44.83,1
Synergized intangible open system,29.99,0
Open-source 5thgeneration leverage,30.81,1
Optional tangible productivity,26.15,1
Innovative cohesive pricing structure,48.71,1
Enhanced optimizing website,23.51,1
Right-sized mobile initiative,21.78,1
Networked client-server solution,35.21,1
Re-contextualized human-resource success,38.95,1
Profit-focused secondary portal,43.15,0
Customer-focused fault-tolerant implementation,37.3,1
Proactive non-volatile encryption,63.55,1
Decentralized bottom-line help-desk,26.97,1
Re-engineered optimal policy,50.03,1
Intuitive global website,18.13,1
Exclusive disintermediate Internet solution,21.27,1
Triple-buffered multi-state complexity,39.64,1
Focused incremental Graphic Interface,39.94,1
Enterprise-wide tangible model,21.61,1
Triple-buffered reciprocal time-frame,30.16,0
Balanced dynamic application,38.33,0
Sharable analyzing alliance,37.79,1
Customizable executive software,49.35,1
Automated directional function,26.26,1
Versatile homogeneous capacity,29.68,1
Function-based optimizing protocol,25.55,1
Balanced heuristic approach,35.13,0
User-friendly asymmetric info-mediaries,34.46,0
Down-sized well-modulated archive,26.79,1
Up-sized incremental encryption,35.15,1
Digitized zero administration paradigm,38.69,0
Synergized hybrid time-frame,31.59,1
Profit-focused dedicated utilization,27.3,1
Inverse asymmetric instruction set,33.36,0
Extended context-sensitive monitoring,32.63,1
Horizontal content-based synergy,29.24,0
Stand-alone reciprocal synergy,30.19,1
Polarized attitude-oriented superstructure,39.41,0
Networked coherent interface,36.41,0
Organized contextually-based customer loyalty,28.89,1
Proactive next generation knowledge user,51.54,1
Customizable tangible hierarchy,31.48,0
Visionary analyzing structure,41.51,0
Customizable zero-defect matrix,30.23,0
Digitized contextually-based product,31.87,1
Grass-roots eco-centric instruction set,31.83,0
Realigned scalable standardization,30.35,0
Pre-emptive systematic budgetary management,37.41,0
Cross-platform 4thgeneration focus group,45.88,0
Persevering eco-centric flexibility,31.39,0
Upgradable multi-tasking initiative,56.02,1
Configurable tertiary budgetary management,41.14,0
Public-key zero-defect analyzer,38.42,0
Seamless composite budgetary management,53.85,1
Total cohesive moratorium,32.68,0
Integrated motivating neural-net,35.72,0
Polarized logistical hub,43.77,0
Robust dedicated system engine,40.2,0
Operative actuating installation,53.83,1
Configurable 24/7 hub,24.09,1
Re-engineered responsive definition,43.16,0
Profound optimizing utilization,48.78,1
Versatile content-based protocol,34.31,1
Horizontal heuristic synergy,41.72,0
Total local synergy,44.46,1
Upgradable asymmetric emulation,40.64,1
Customer-focused full-range neural-net,46.63,0
Universal contextually-based system engine,28.75,0
Horizontal heuristic support,45.73,0
Cross-group neutral synergy,27.75,0
Organized empowering policy,42.75,0
Focused fresh-thinking Graphic Interface,33.88,1
Self-enabling tertiary challenge,27.57,0
Front-line dynamic model,37.46,0
Business-focused client-driven forecast,41.3,1
Upgradable local migration,32.56,0
Cross-platform directional intranet,33.81,0
Total zero administration software,34.72,0
Business-focused background synergy,31.43,1
Synchronized grid-enabled moratorium,32.39,0
Seamless motivating approach,34.19,1
Ergonomic zero tolerance encoding,24.72,1
Cross-platform zero-defect structure,47.31,1
Fully-configurable foreground solution,27.16,0
Digitized radical array,53.38,1
Open-architected web-enabled benchmark,43.01,0
Optimized systemic capability,49.56,1
Multi-tiered mobile encoding,43.2,1
Organic logistical adapter,23.08,1
Secured upward-trending benchmark,32.56,0
Integrated interactive support,20.99,1
Fundamental clear-thinking knowledgebase,42.37,0
Multi-layered user-facing parallelism,32.88,1
Front-line multi-state hub,33.88,0
Organic well-modulated database,34.32,0
Devolved exuding Local Area Network,44.16,0
Team-oriented systematic installation,24.14,1
Secured uniform instruction set,33.26,0
Optimized static archive,35.0,0
Pre-emptive client-server installation,34.46,0
Distributed bifurcated challenge,37.65,0
Centralized client-driven workforce,37.13,0
Quality-focused optimizing parallelism,51.46,1
Ameliorated leadingedge help-desk,37.24,1
Fully-configurable eco-centric frame,49.39,0
Inverse stable synergy,41.17,1
Digitized homogeneous core,53.07,1
Intuitive zero administration adapter,37.48,0
Balanced mobile Local Area Network,24.75,0
Enhanced tertiary utilization,63.82,1
Reverse-engineered web-enabled support,31.73,0
Decentralized methodical capability,41.92,0
Realigned intermediate application,62.87,1
Up-sized intangible circuit,28.39,0
Triple-buffered foreground encryption,28.94,0
Exclusive systematic algorithm,51.3,1
Vision-oriented asynchronous Internet solution,41.61,1
Sharable 5thgeneration access,19.85,1
Secured encompassing Graphical User Interface,17.13,1
Public-key bi-directional Graphical User Interface,31.43,1
Robust uniform framework,49.28,0
Front-line neutral alliance,32.16,1
Reactive bi-directional standardization,58.54,1
Front-line bifurcated ability,25.26,1
Robust logistical utilization,30.31,0
Team-oriented grid-enabled Local Area Network,35.98,0
Digitized static capability,41.65,0
Profound stable product,49.63,1
Reactive demand-driven capacity,29.66,0
Pre-emptive value-added workforce,17.22,1
Front-line heuristic data-warehouse,44.49,0
Streamlined cohesive conglomeration,32.54,1
Organized client-driven alliance,17.65,1
Ergonomic multi-state structure,35.19,0
Customer-focused optimizing moderator,33.18,1
Down-sized uniform info-mediaries,48.87,1
Pre-emptive content-based focus group,37.28,1
Seamless holistic time-frame,37.66,0
Operative system-worthy protocol,35.16,0
Focused intangible moderator,44.55,1
Cross-platform regional task-force,63.2,1
Sharable dedicated Graphic Interface,20.64,1
Networked foreground definition,39.08,0
Re-engineered exuding frame,37.11,0
Persistent homogeneous framework,30.39,0
Face-to-face even-keeled website,61.67,1
Assimilated fault-tolerant hub,42.26,1
Managed upward-trending instruction set,37.8,0
Pre-emptive cohesive budgetary management,22.53,1
Seamless full-range website,21.13,1
Robust transitional ability,35.12,0
Self-enabling didactic pricing structure,34.37,0
Triple-buffered regional toolset,40.25,0
Business-focused responsive website,52.0,0
Enterprise-wide foreground emulation,29.81,1
Managed eco-centric encoding,39.52,0
Re-contextualized systemic time-frame,36.25,0
Horizontal national architecture,66.76,1
Exclusive even-keeled moratorium,16.7,1
Fully-configurable high-level implementation,41.63,1
Optional mission-critical functionalities,27.29,1
De-engineered tertiary secured line,31.17,0
Polarized multimedia system engine,40.12,0
Self-enabling even-keeled methodology,34.26,0
Automated client-driven orchestration,23.82,1
Devolved regional moderator,40.04,0
Intuitive zero-defect framework,33.51,1
Cloned explicit middleware,32.87,0
Customer-focused system-worthy superstructure,41.87,0
Cross-group value-added success,27.28,1
Robust web-enabled attitude,52.28,1
User-centric intangible contingency,33.52,0
Automated web-enabled migration,48.75,1
Optional secondary access,17.77,1
Fully-configurable client-driven customer loyalty,40.83,1
Reverse-engineered 24hour hardware,33.59,1
Ameliorated exuding solution,27.64,1
Polarized bifurcated array,55.98,1
Synergistic stable infrastructure,47.47,1
Team-oriented 6thgeneration extranet,57.58,1
Open-source global strategy,54.95,1
Vision-oriented multi-tasking success,30.38,0
Customizable holistic archive,52.52,1
Adaptive uniform capability,48.93,1
Cross-group human-resource time-frame,41.82,1
Grass-roots mission-critical emulation,39.49,1
Monitored local Internet solution,42.31,0
Phased hybrid superstructure,36.85,1
Customizable hybrid system engine,39.26,1
Operative multi-tasking Graphic Interface,26.65,1
Switchable secondary ability,33.92,0
Focused multi-state workforce,38.87,0
Configurable impactful firmware,29.61,0
Multi-channeled 3rdgeneration model,36.32,0
Assimilated encompassing portal,37.14,0
Universal empowering adapter,38.06,1
Mandatory 4thgeneration structure,35.47,1
Cross-group non-volatile secured line,44.77,0
Front-line actuating functionalities,20.87,1
Centralized value-added hierarchy,32.64,0
Organized global flexibility,40.98,0
Vision-oriented methodical support,32.35,1
Balanced disintermediate conglomeration,57.2,1
Assimilated discrete strategy,52.53,0
Automated stable help-desk,23.34,1
Managed national hardware,34.03,0
Re-engineered composite moratorium,50.02,1
Expanded full-range synergy,26.76,1
Open-architected intangible strategy,32.55,0
Optional modular throughput,45.22,1
Optimized 5thgeneration moratorium,33.51,0
Exclusive cohesive intranet,23.5,1
Cross-group systemic customer loyalty,36.11,1
User-centric attitude-oriented adapter,45.3,0
Stand-alone well-modulated product,40.88,1
Total coherent archive,27.08,1
Distributed fault-tolerant service-desk,35.26,0
Ameliorated user-facing help-desk,27.68,0
Virtual 5thgeneration emulation,25.24,1
Reactive local challenge,50.09,1
Grass-roots coherent extranet,29.92,1
Customizable multi-tasking website,42.8,1
Digitized global capability,34.89,1
Sharable bottom-line solution,45.4,0
Upgradable optimizing toolset,31.45,0
Synchronized user-facing core,60.72,1
Polarized clear-thinking budgetary management,19.88,1
Innovative executive encoding,32.98,0
Progressive empowering alliance,30.52,0
Up-sized secondary software,22.51,1
Persevering reciprocal firmware,24.52,1
Extended systemic policy,33.51,0
Devolved zero administration intranet,49.04,1
Realigned zero tolerance emulation,31.44,1
Enhanced system-worthy application,31.18,1
Upgradable system-worthy array,35.72,0
Managed grid-enabled standardization,47.44,1
Profound executive flexibility,36.48,0
Seamless 4thgeneration contingency,27.44,0
Multi-tiered human-resource structure,30.59,0
Cloned object-oriented benchmark,36.57,1
Synergized cohesive array,32.7,1
Streamlined logistical secured line,51.43,1
Universal asymmetric archive,30.16,0
Managed well-modulated collaboration,36.43,1
Front-line fresh-thinking open system,38.84,0
Enterprise-wide local matrices,35.67,0
Implemented bifurcated workforce,37.63,0
Enhanced maximized access,28.66,0
Re-engineered neutral success,43.31,0
Configurable dynamic adapter,38.06,1
Reduced incremental productivity,33.18,0
Secured scalable Graphical User Interface,18.87,1
Multi-layered tangible portal,47.42,0
Enhanced zero tolerance Graphic Interface,33.8,0
Triple-buffered needs-based Local Area Network,34.17,0
Inverse zero tolerance customer loyalty,51.3,1
Inverse high-level capability,37.82,0
Visionary client-driven installation,40.03,0
Customer-focused zero-defect process improvement,27.01,1
Organized 24/7 middleware,33.77,1
Profound explicit hardware,46.05,0
Fully-configurable holistic throughput,22.21,1
Expanded zero administration attitude,49.65,1
Stand-alone motivating moratorium,58.1,1
Profound bottom-line standardization,41.29,1
Managed client-server access,46.3,1
Future-proofed modular utilization,32.6,0
Assimilated next generation firmware,53.01,1
Compatible dedicated productivity,55.16,0
Organic motivating model,43.56,0
Organized upward-trending contingency,30.52,0
Public-key intangible Graphical User Interface,37.19,0
Advanced local task-force,35.49,0
Profound well-modulated array,33.6,0
Horizontal global leverage,26.36,1
Virtual impactful algorithm,30.24,0
Phased clear-thinking encoding,47.1,1
Inverse discrete extranet,61.67,1
Implemented bottom-line implementation,32.29,0
Implemented asynchronous application,50.11,1
Total coherent superstructure,33.65,0
Expanded value-added emulation,55.54,1
Organic 3rdgeneration encryption,30.09,0
Configurable impactful capacity,37.33,0
Enhanced intermediate standardization,38.1,1
Inverse national core,22.5,0
Synergistic discrete middleware,35.01,0
Organic next generation matrix,36.38,1
Open-architected system-worthy ability,39.71,0
Re-engineered intangible software,58.68,1
Sharable secondary Graphical User Interface,56.74,1
Innovative homogeneous alliance,46.55,1
Diverse leadingedge website,26.88,1
Reactive demand-driven strategy,50.92,1
Multi-tiered real-time implementation,38.22,0
De-engineered attitude-oriented projection,32.08,0
Decentralized attitude-oriented interface,61.07,1
Fully-configurable clear-thinking throughput,22.03,1
Versatile 6thgeneration parallelism,45.96,1
Optimized multimedia website,37.71,0
Networked impactful framework,32.26,0
Phased 5thgeneration open system,26.92,0
Extended analyzing emulation,22.22,1
Front-line methodical utilization,55.79,1
Open-source scalable protocol,38.17,0
Phased fault-tolerant definition,31.01,0
Virtual homogeneous budgetary management,38.01,1
Fully-configurable asynchronous firmware,66.81,1
Vision-oriented real-time framework,36.39,0
Future-proofed stable function,32.05,0
Public-key disintermediate emulation,48.32,1
Visionary mission-critical application,55.82,1
Ameliorated bandwidth-monitored contingency,46.22,1
Virtual context-sensitive support,20.66,0
Implemented uniform synergy,20.66,1
Horizontal even-keeled challenge,28.32,0
Innovative regional groupware,34.08,0
Open-architected full-range projection,60.33,1
Fundamental modular algorithm,34.98,1
Grass-roots cohesive monitoring,38.16,1
Cloned 5thgeneration orchestration,26.92,0
Synergistic fresh-thinking array,37.12,0
Exclusive neutral parallelism,24.75,1
Business-focused encompassing neural-net,34.42,0
Visionary reciprocal circuit,35.48,0
Focused upward-trending core,48.1,0
Grass-roots impactful system engine,34.62,0
Devolved tangible approach,49.45,1
Open-source coherent policy,52.05,1
Switchable 3rdgeneration hub,31.25,0
Polarized bandwidth-monitored moratorium,43.02,0
User-centric intangible task-force,34.02,1
Decentralized real-time circuit,43.46,1
Polarized analyzing concept,33.0,0
Multi-channeled asynchronous open system,45.64,0
Customer-focused attitude-oriented instruction set,43.66,0
Realigned systematic function,36.12,0
Exclusive client-driven model,32.83,0
Digitized heuristic solution,30.97,0
Intuitive radical forecast,38.1,0
Self-enabling optimal initiative,47.61,1
Diverse multi-tasking parallelism,37.83,0
Monitored real-time superstructure,57.99,1
Enhanced homogeneous moderator,27.35,1
Open-source coherent monitoring,34.51,0
Programmable uniform productivity,61.0,1
Managed disintermediate matrices,40.94,1
Versatile scalable encryption,58.42,1
Stand-alone encompassing throughput,30.54,1
Organic interactive support,36.2,1
Upgradable even-keeled challenge,44.6,1
Proactive asymmetric definition,27.17,0
Team-oriented context-sensitive installation,40.24,0
Face-to-face mission-critical definition,29.86,0
Proactive client-server productivity,28.84,1
Exclusive zero tolerance frame,35.4,1
Face-to-face reciprocal methodology,32.32,1
Upgradable even-keeled hardware,46.68,1
Networked even-keeled workforce,49.1,1
Switchable well-modulated infrastructure,37.77,0
Team-oriented dynamic forecast,43.35,1
Phased full-range hardware,18.59,1
Polarized analyzing intranet,51.62,1
Intuitive explicit firmware,29.19,0
Reactive interactive protocol,35.8,0
Progressive asynchronous adapter,53.0,0
Ameliorated contextually-based collaboration,32.79,0
Compatible intermediate concept,39.01,0
Re-engineered impactful software,40.02,0
Ergonomic methodical encoding,29.69,1
Up-sized next generation architecture,49.4,1
Managed 6thgeneration hierarchy,32.47,0
Reverse-engineered maximized focus group,36.19,0
Object-based neutral policy,35.07,1
Integrated client-server definition,33.42,0
Multi-tiered stable leverage,55.03,1
Managed didactic flexibility,54.71,1
Pre-emptive neutral contingency,33.39,0
Multi-tiered foreground Graphic Interface,39.82,0
Implemented discrete frame,30.59,0
Programmable high-level benchmark,27.93,0
Grass-roots empowering paradigm,26.34,0
Compatible scalable emulation,41.78,0
Front-line non-volatile implementation,31.31,0
Reverse-engineered background Graphic Interface,33.84,1
Switchable multi-state success,38.65,0
Persistent even-keeled application,36.22,0
Monitored zero administration collaboration,31.29,1
Sharable reciprocal project,23.05,1
Synergistic asynchronous superstructure,43.46,1
Reactive tangible contingency,33.47,1
Advanced disintermediate data-warehouse,22.86,1
Focused web-enabled Graphical User Interface,38.17,0
Pre-emptive next generation Internet solution,49.09,0
Business-focused asynchronous budgetary management,44.19,0
Balanced discrete approach,28.84,0
Total bi-directional success,46.25,0
Sharable encompassing database,36.72,0
Triple-buffered human-resource complexity,39.57,0
Monitored 24/7 moratorium,47.43,0
Vision-oriented next generation solution,33.22,0
Self-enabling local strategy,33.73,0
Total even-keeled architecture,24.97,1
Proactive 5thgeneration frame,40.23,0
Balanced responsive open system,27.6,0
Secured 24hour policy,29.65,0
Customer-focused explicit challenge,58.25,1
Versatile local forecast,43.89,0
Grass-roots solution-oriented conglomeration,46.2,1
Open-architected impactful productivity,58.89,1
Business-focused value-added definition,36.23,0
Multi-layered 4thgeneration knowledge user,26.15,1
Organized global model,34.78,1
Synergized multimedia emulation,59.62,1
Customizable 6thgeneration knowledge user,26.35,1
Triple-buffered scalable groupware,54.93,1
Versatile 4thgeneration system engine,30.75,0
Customer-focused transitional strategy,40.76,1
Function-based transitional complexity,41.6,0
Realigned content-based leverage,26.41,1
Adaptive 24hour Graphic Interface,26.44,0
Polarized tangible collaboration,40.09,1
Monitored object-oriented Graphic Interface,54.9,1
Seamless intangible secured line,20.66,1
Synchronized multimedia model,36.16,0
Managed zero tolerance concept,35.26,0
Configurable logistical Graphical User Interface,17.41,1
Fundamental fault-tolerant neural-net,39.32,1
Distributed 3rdgeneration definition,47.86,1
Automated static concept,53.06,1
Operative stable moderator,46.57,1
Persevering tertiary capability,40.28,0
Organic contextually-based focus group,32.93,0
Object-based executive productivity,50.25,0
Persevering even-keeled help-desk,31.0,0
Fully-configurable incremental Graphical User Interface,37.44,0
Proactive context-sensitive project,44.62,1
Ameliorated tangible hierarchy,45.52,0
Profound maximized workforce,32.29,0
Decentralized needs-based analyzer,40.91,0
Object-based modular functionalities,32.4,1
Organic asynchronous hierarchy,51.54,1
Public-key mission-critical core,30.7,0
Mandatory dedicated data-warehouse,36.88,0
Multi-channeled mission-critical success,40.53,1
Balanced motivating help-desk,26.65,1
Face-to-face multimedia success,41.32,0
Multi-tiered multi-state moderator,31.52,0
User-friendly bandwidth-monitored attitude,44.87,1
Total user-facing hierarchy,49.75,1
Right-sized transitional parallelism,36.53,0
Triple-buffered 3rdgeneration migration,19.12,1
Quality-focused scalable utilization,33.88,0
Networked stable array,35.68,1
Self-enabling multimedia system engine,30.24,1
Vision-oriented attitude-oriented Internet solution,35.31,1
Digitized disintermediate ability,53.85,1
Innovative regional structure,32.85,1
Synergistic dynamic orchestration,32.93,1
Progressive intermediate throughput,34.23,1
Up-sized bi-directional infrastructure,31.19,0
Switchable analyzing encryption,25.31,1
Multi-channeled asymmetric installation,32.13,0
Multi-layered fresh-thinking neural-net,33.7,0
Synergistic reciprocal attitude,26.5,1
Realigned intangible benchmark,40.05,1
Automated multi-state toolset,61.35,1
Enhanced systematic adapter,30.87,0
User-friendly grid-enabled analyzer,28.01,1
Cross-platform logistical pricing structure,17.39,1
Ameliorated exuding encryption,33.29,0
Sharable multimedia conglomeration,24.73,1
Robust object-oriented Graphic Interface,23.52,1
Secured secondary superstructure,58.94,0
Right-sized system-worthy project,29.34,1
Proactive actuating Graphical User Interface,44.9,1
Secured intermediate approach,45.98,0
Phased content-based middleware,32.77,0
Pre-emptive client-server open system,30.91,0
Enhanced system-worthy toolset,36.54,0
Networked responsive application,37.08,0
Enhanced regional conglomeration,37.84,0
Pre-emptive content-based frame,37.58,0
Object-based leadingedge complexity,45.68,0
Fully-configurable 5thgeneration circuit,42.72,1
Optimized attitude-oriented initiative,42.11,1
Virtual executive implementation,50.87,1
Realigned tangible collaboration,32.68,0
Ameliorated well-modulated complexity,38.61,1
User-centric solution-oriented emulation,59.45,1
Open-architected needs-based customer loyalty,40.69,1
Digitized radical architecture,22.62,1
Right-sized solution-oriented benchmark,48.76,0
Extended grid-enabled hierarchy,36.63,0
Quality-focused zero-defect data-warehouse,25.16,1
Networked non-volatile synergy,30.02,1
Synergized uniform hierarchy,33.1,0
Pre-emptive client-driven secured line,49.3,0
Re-engineered zero-defect open architecture,54.4,1
Sharable value-added solution,39.26,0
Networked local secured line,29.36,1
Horizontal intermediate monitoring,30.07,0
Phased zero-defect portal,31.5,1
Configurable asynchronous application,33.01,0
Upgradable 4thgeneration portal,49.51,1
Balanced empowering success,35.86,0
Multi-lateral 24/7 Internet solution,31.59,0
Face-to-face modular budgetary management,48.6,1
Programmable asymmetric data-warehouse,25.33,0
Persevering needs-based open architecture,42.26,1
Innovative user-facing extranet,41.94,0
Persevering exuding system engine,41.65,0
Visionary maximized process improvement,35.83,1
Centralized 24/7 installation,40.03,1
Phased transitional instruction set,26.75,1
Advanced full-range migration,31.0,0
Progressive analyzing attitude,37.33,0
Integrated human-resource encoding,44.44,1
Virtual composite model,31.19,0
Balanced actuating moderator,55.16,1
Advanced web-enabled standardization,58.34,1
Polarized dynamic throughput,16.76,1
Multi-layered user-facing paradigm,27.32,1
Customer-focused 24/7 concept,28.06,1
Up-sized executive moderator,44.08,0
Diverse modular interface,45.65,1
Focused scalable complexity,39.61,0
Horizontal multi-state interface,28.69,0
Centralized tertiary pricing structure,46.1,1
Synergized context-sensitive database,57.45,1
Adaptive context-sensitive application,33.47,1
Advanced modular Local Area Network,40.65,0
Multi-layered non-volatile Graphical User Interface,31.89,0
Exclusive disintermediate task-force,29.77,1
Compatible systemic function,25.64,1
Configurable fault-tolerant monitoring,32.66,0
Universal even-keeled analyzer,62.16,1
Progressive non-volatile neural-net,46.05,1
Enterprise-wide bi-directional secured line,34.96,0
Right-sized asynchronous website,29.99,0
Advanced 5thgeneration capability,38.36,0
De-engineered solution-oriented open architecture,32.14,1
Re-engineered real-time success,44.01,1
Mandatory 3rdgeneration moderator,27.99,0
Extended interactive model,34.08,1
Synchronized national infrastructure,28.84,0
Reactive bi-directional workforce,40.56,0
Multi-lateral empowering throughput,50.32,0
Reverse-engineered well-modulated capability,21.5,1
Upgradable directional system engine,32.94,1
Open-architected system-worthy task-force,39.32,0
Grass-roots 4thgeneration forecast,38.41,0
Seamless cohesive conglomeration,19.98,1
Re-contextualized reciprocal interface,21.34,1
Monitored dynamic instruction set,35.56,0
Universal transitional Graphical User Interface,31.12,1
Seamless impactful info-mediaries,33.65,0
Intuitive fresh-thinking moderator,35.18,0
Distributed maximized ability,38.73,1
Function-based incremental standardization,42.62,0
Universal asymmetric workforce,43.99,1
Team-oriented zero-defect initiative,62.68,1
Public-key asynchronous matrix,42.23,0
Grass-roots systematic hardware,28.25,0
Assimilated actuating policy,34.75,0
Public-key solution-oriented focus group,29.17,0
Focused high-level frame,50.78,1
Face-to-face executive encryption,34.65,0
Diverse background ability,53.02,1
Front-line systemic capability,34.1,0
Team-oriented high-level orchestration,48.2,1
Seamless optimal contingency,39.75,1
Re-engineered non-volatile neural-net,46.26,1
Versatile optimizing projection,18.33,1
Synergistic non-volatile analyzer,33.06,0
Reduced holistic help-desk,44.21,0
Monitored intermediate circuit,37.37,0
Polarized mission-critical structure,26.52,1
Advanced didactic conglomeration,52.36,0
Optimized upward-trending productivity,22.4,1
Optimized intermediate help-desk,40.78,1
Cross-group global orchestration,46.0,0
Inverse zero-defect capability,33.08,0
Vision-oriented system-worthy forecast,44.5,1
Decentralized client-driven data-warehouse,33.68,1
Operative secondary functionalities,30.03,1
Business-focused transitional solution,42.98,1
Managed 24hour analyzer,43.34,1
Horizontal client-server database,48.89,1
Implemented didactic support,27.65,1
Ameliorated coherent open architecture,23.11,1
Synchronized full-range portal,34.88,1
Face-to-face methodical intranet,36.91,1
Realigned 24/7 core,42.57,1
Ameliorated discrete extranet,34.35,1
Digitized content-based circuit,31.64,1
Balanced uniform algorithm,19.76,1
Open-source stable paradigm,32.55,1
Stand-alone background open system,36.6,0
Stand-alone explicit orchestration,36.17,0
Sharable upward-trending support,42.92,0
Customizable homogeneous contingency,17.15,1
Versatile next generation pricing structure,32.8,0
Exclusive multi-state Internet solution,52.87,0
Ameliorated actuating workforce,36.11,0
Integrated 3rdgeneration monitoring,42.93,0
